id_area,blanco,nulos,valid,COMPR,CS,EUPV,GANEM,OTROS,PP,PSOE,Abste,espanyols,vlc_prov,resta_prov,ue,eu_est,asia,africans,am_nord,latin_am,ocean,analfab,sensest,grau1,grau2,grau3,ind_comerc,joves_h,joves_d,aduljovh,aduljovd,adulvellh,adulvelld,vellh,velld,solters,casats,separats,divorciats,vidus,hab_ppals,hab_secund,hab_buides
4624403017,0.86206896552,0.51724137931,98.6206896552,15.8620689655,5.1724137931,8.44827586207,4.31034482759,3.44827586207,24.1379310345,37.2413793103,32.2429906542,90.3317535545,57.5355450237,29.5734597156,0.94786729858,4.2654028436,1.51658767773,1.61137440758,0,1.32701421801,0,1.8009478673,37.345971564,30.7109004739,12.2274881517,5.11848341232,8,6.16113744076,5.49763033175,15.0710900474,14.8815165877,18.009478673,20.8530805687,8.34123222749,11.1848341232,37.5609756098,43.4146341463,6.34146341463,2.92682926829,10.243902439,90.3225806452,0,9.67741935484
4624402005,1.76470588235,0.58823529412,97.6470588235,9.80392156863,5.29411764706,4.70588235294,4.90196078431,4.90196078431,26.0784313725,41.9607843137,38.9221556886,85.7923497268,60.0182149362,23.0418943534,1.73041894353,6.3752276867,0.54644808743,3.82513661202,0,1.73041894353,0,2.45901639344,43.4426229508,27.868852459,7.10382513661,2.09471766849,8,8.19672131148,7.19489981785,16.6666666667,14.116575592,17.3952641166,14.7540983607,8.65209471767,13.0236794171,43.6123348018,45.3744493392,1.76211453744,4.84581497797,4.40528634361,83.6538461538,2.88461538462,14.4230769231
4624403009,1.17955439056,1.17955439056,97.6408912189,12.7129750983,9.82961992136,5.37352555701,4.45609436435,3.40760157274,31.1926605505,30.6684141547,24.9754178958,91.5132105685,63.4107285829,25.5404323459,1.04083266613,3.5228182546,0.56044835869,1.7614091273,0,1.60128102482,0,1.04083266613,31.7854283427,26.581265012,16.0128102482,10.96877502,52,6.48518815052,5.52441953563,12.6501200961,14.9719775821,18.4947958367,18.5748598879,10.1681345076,13.1305044035,34.0659340659,52.0146520147,5.12820512821,2.1978021978,6.59340659341,90.9090909091,0,9.09090909091
4624403012,1.09090909091,0.72727272727,98.1818181818,20.7272727273,7.09090909091,5.45454545455,3.45454545455,9.81818181818,23.4545454545,28.1818181818,31.5068493151,90.8181818182,67.6363636364,20.1818181818,0.45454545455,4.81818181818,0.54545454546,0.81818181818,0.09090909091,2.45454545455,0,0.63636363636,24.2727272727,32.1818181818,15.6363636364,7.72727272727,20,7.54545454545,9.27272727273,13.4545454545,15.3636363636,19.0909090909,21,6.45454545455,7.81818181818,35.0282485876,46.3276836158,4.5197740113,6.21468926554,8.47457627119,96.0526315789,0,3.94736842105
4624403011,0.80775444265,0.32310177706,98.8691437803,12.4394184168,6.78513731826,5.00807754443,7.5928917609,5.33117932149,25.3634894992,36.3489499192,36.2512873326,85.5450236967,58.1358609795,26.224328594,0.47393364929,8.8467614534,0.63191153238,2.92259083728,0,1.57977883096,0,2.60663507109,39.0205371248,31.2006319115,8.60979462875,2.92259083728,30,6.87203791469,7.34597156398,16.3507109005,15.0078988942,18.0884676145,17.7725118483,8.37282780411,10.1895734597,42.2222222222,40.8888888889,7.11111111111,3.55555555556,6.22222222222,79.5081967213,4.91803278689,16.393442623
4624403023,1.6975308642,0.46296296296,97.8395061728,17.2839506173,7.40740740741,7.0987654321,5.70987654321,5.09259259259,23.3024691358,31.9444444444,27.5167785235,92.8753180662,69.8049194232,19.8473282443,1.01781170483,3.13825275657,0.93299406276,0.33927056828,0,1.69635284139,0,0.50890585242,22.3918575064,30.534351145,15.5216284987,10.4325699746,18,8.9058524173,9.754028838,14.8430873622,15.9457167091,18.320610687,21.1195928753,5.0042408821,6.10687022901,40.7407407407,49.7942386831,2.88065843621,3.7037037037,2.05761316872,97.6470588235,0,2.35294117647
4624403006,1.32743362832,0.44247787611,98.2300884956,14.3805309735,4.86725663717,3.7610619469,6.63716814159,5.97345132743,24.7787610619,37.8318584071,29.0423861852,85.360094451,59.1499409681,23.6127508855,0,8.26446280992,0,4.60448642267,0,1.77095631641,0,2.47933884298,42.5029515939,27.626918536,8.02833530106,3.30578512397,20,6.25737898465,8.38252656434,13.6953955136,13.6953955136,17.8276269185,18.4179456907,9.09090909091,12.6328217237,40.1315789474,46.7105263158,1.97368421053,6.57894736842,4.60526315789,89.0410958904,0,10.9589041096
4624403020,1.30952380952,0.83333333333,97.8571428571,19.5238095238,6.90476190476,5.59523809524,5.59523809524,3.33333333333,21.4285714286,35.4761904762,27.0199826238,94.8103792415,69.3280106454,22.8210246174,0.46573519627,1.92947438456,0.73186959414,0.93147039255,0,1.13107119095,0,0.46573519627,24.2847638057,34.5309381238,15.369261477,7.31869594145,76,7.91749833666,7.51829673985,15.5688622754,15.3027278776,20.0266134398,22.0891550233,4.99001996008,6.58682634731,43.1818181818,39.3939393939,3.78787878788,6.81818181818,6.81818181818,93.4579439252,3.73831775701,2.80373831776
4624403004,1.20967741935,0.13440860215,98.6559139785,10.3494623656,5.91397849462,3.62903225806,2.95698924731,7.25806451613,35.752688172,32.7956989247,37.1090448014,84.5149253731,61.0074626866,19.776119403,1.49253731343,7.46268656716,1.36815920398,3.10945273632,0.06218905473,1.99004975124,0,1.24378109453,31.2189054726,29.2288557214,13.6194029851,9.07960199005,75,6.52985074627,7.27611940299,15.0497512438,14.4278606965,17.4129353234,17.9726368159,9.2039800995,12.1268656716,37.8571428571,51.7857142857,2.14285714286,0.71428571429,7.14285714286,81.1594202899,0,18.8405797101
4624403005,1.31264916468,0.95465393795,97.7326968974,12.0525059666,7.87589498807,4.53460620525,6.92124105012,5.72792362768,26.6109785203,34.0095465394,36.4670204701,84.9916620345,58.921623124,22.5125069483,0.38910505837,7.83768760422,0.88938299055,2.55697609783,0,3.33518621456,0,1.05614230128,36.9093941078,28.7381878822,11.1728738188,5.8921623124,54,7.78210116732,6.72595886604,15.5086158977,14.2857142857,17.5097276265,17.6209005003,8.44913841023,12.1178432462,44.3965517241,42.025862069,2.58620689655,5.1724137931,5.60344827586,87.7659574468,0,11.7021276596
4624403008,0.65717415115,0.65717415115,98.6856516977,14.5673603505,6.5717415115,4.81927710843,4.70974808324,3.72398685652,26.834611172,37.4589266156,31.9164802386,91.9315403423,59.413202934,29.9511002445,0.73349633252,3.9119804401,0.30562347188,0.7946210269,0,2.32273838631,0,1.95599022005,35.6356968215,31.2347188264,12.1026894866,5.44009779951,66,6.23471882641,5.195599022,14.9144254279,13.3251833741,17.1149144254,19.0097799511,10.3300733496,13.8753056235,34.9397590361,51.2048192771,0,3.61445783133,10.2409638554,95.6834532374,0,4.31654676259
4624402006,0.75414781297,0.60331825038,98.6425339367,16.8929110106,9.65309200603,4.82654600302,5.88235294118,5.12820512821,26.8476621418,29.4117647059,31.4374353671,88.7535816619,64.0401146132,21.776504298,0.50143266476,4.36962750716,1.00286532951,4.01146131805,0,1.36103151862,0,1.07449856734,25.5730659026,26.9340974212,14.111747851,12.5358166189,25,9.02578796562,9.81375358166,15.4011461318,16.7621776504,18.7679083095,18.0515759312,4.87106017192,7.30659025788,37.9446640316,46.2450592885,7.90513833992,1.18577075099,6.32411067194,91.2408759124,0,8.75912408759
4624402004,0.4854368932,1.29449838188,98.2200647249,12.6213592233,4.6925566343,4.2071197411,5.01618122977,4.04530744337,34.6278317152,33.0097087379,36.0910031024,90.2960526316,68.8322368421,18.75,0.32894736842,3.78289473684,1.5625,1.06907894737,0,2.96052631579,0,2.22039473684,34.7861842105,28.125,11.2664473684,7.64802631579,33,7.73026315789,6.99013157895,14.3914473684,14.3092105263,16.9407894737,19.3256578947,8.47039473684,11.8421052632,42.1052631579,46.0526315789,2.19298245614,3.50877192982,6.14035087719,81.9047619048,5.71428571429,13.3333333333
4624403010,1.51745068285,0.91047040971,97.5720789074,14.5675265554,5.91805766313,7.28376327769,6.06980273141,3.18664643399,22.6100151745,37.9362670713,33.2320162107,91.4285714286,59.9134199134,29.9567099567,1.12554112554,3.54978354978,2.51082251082,0.77922077922,0.08658008658,0.51948051948,0,1.55844155844,40.6926406926,30.4761904762,9.26406926407,5.02164502165,37,5.02164502165,6.32034632035,12.9004329004,12.7272727273,19.5670995671,19.2207792208,9.52380952381,14.7186147186,29.7362110312,59.4724220624,0.95923261391,5.99520383693,3.83693045564,94.8529411765,0,5.14705882353
4624401006,1.3816925734,0.6908462867,97.9274611399,14.8531951641,5.18134715026,3.79965457686,3.62694300518,5.18134715026,42.1416234888,23.1433506045,27.625,89.3681043129,75.9277833501,11.4343029087,0.50150451354,5.21564694082,1.00300902708,2.20661985958,0,1.70511534604,0,1.00300902708,34.6038114343,23.8716148445,13.741223671,12.3370110331,27,5.81745235707,7.22166499498,15.3460381143,15.3460381143,17.2517552658,15.3460381143,10.3309929789,13.3400200602,40.8695652174,45.2173913043,0,1.73913043478,12.1739130435,80.7339449541,7.33944954128,11.9266055046
4624401004,0.71428571429,0.95238095238,98.3333333333,11.1904761905,1.66666666667,3.33333333333,5.95238095238,6.66666666667,42.380952381,27.1428571429,28.5714285714,87.6574307305,66.3727959698,16.4987405542,1.00755667506,5.66750629723,0.37783375315,3.27455919395,0,2.01511335013,0,1.00755667506,30.4785894207,29.2191435768,13.2241813602,7.68261964736,16,8.31234256927,8.69017632242,15.8690176322,13.8539042821,17.0025188917,15.4911838791,7.80856423174,12.9722921914,31.6666666667,51.6666666667,0,2.5,14.1666666667,68.4931506849,23.2876712329,8.21917808219
4624403007,0.34207525656,0.57012542759,99.0877993158,19.9543899658,5.4732041049,7.2976054732,5.35917901938,7.75370581528,19.9543899658,33.2953249715,32.3302469136,95.1894167168,66.8069753458,25.7366205652,0.36079374624,1.74383644017,0.42092603728,1.20264582081,0.06013229104,1.02224894768,0,1.26277811185,34.6361996392,29.4046903187,10.2826217679,3.48767288034,18,9.38063740229,9.20024052916,15.3938665063,14.2513529765,19.0619362598,18.5808779314,6.25375826819,7.87733012628,42.2310756972,43.0278884462,0.796812749,7.56972111554,6.37450199203,80.6722689076,0,20.1680672269
4624401002,1.32450331126,0.66225165563,98.0132450331,9.05077262693,5.07726269316,3.09050772627,2.64900662252,6.84326710817,43.0463576159,28.2560706402,26.101141925,92.9595827901,66.8839634941,23.7288135593,0,3.52020860495,0,2.08604954368,0,1.43415906128,0,1.3037809648,32.333767927,27.5097783572,13.6897001304,8.99608865711,37,7.56192959583,7.04041720991,11.2125162973,12.1251629726,17.3402868318,19.4263363755,11.4732724902,13.8200782269,36.4864864865,46.6216216216,2.7027027027,12.8378378378,1.35135135135,72.8571428571,0,27.1428571429
4624401005,1.10091743119,0.91743119266,97.9816513761,11.1926605505,6.23853211009,6.60550458716,5.1376146789,7.33944954128,38.3486238532,23.119266055,30.2176696543,89.5693779904,75.023923445,13.4928229665,0.66985645933,2.67942583732,0.86124401914,3.15789473684,0,3.06220095694,0,1.14832535885,27.4641148325,28.6124401914,14.6411483254,9.18660287081,23,9.09090909091,7.55980861244,15.3110047847,14.8325358852,18.4688995215,16.4593301435,7.65550239234,10.6220095694,40.0763358779,47.3282442748,1.52671755725,4.58015267176,6.87022900763,82.2580645161,7.25806451613,9.67741935484
4624403015,0.74487895717,0.93109869646,98.3240223464,13.9664804469,5.77281191806,1.86219739292,8.93854748603,5.21415270019,20.6703910615,41.8994413408,35.7655502392,87.167736022,60.6782768103,25.2062328139,0.6416131989,6.96608615949,0.09165902841,3.2080659945,0,1.9248395967,0,1.19156736939,43.2630614115,27.0394133822,10.2658111824,2.38313473877,19,8.06599450046,6.78276810266,15.7653528873,15.490375802,16.9569202566,14.0238313474,9.80751604033,13.1072410632,33.6,54.4,0,4.8,7.2,76,0,24
4624403026,2.20338983051,0.6779661017,97.1186440678,15.7627118644,10,5.76271186441,3.89830508475,7.1186440678,29.3220338983,25.2542372881,30.5882352941,94.8051948052,71.9155844156,19.724025974,2.67857142857,1.13636363636,0.24350649351,0,0.16233766234,0.97402597403,0,0.16233766234,17.3701298701,27.5162337662,20.9415584416,12.5,29,8.76623376623,9.74025974026,15.6655844156,16.5584415584,17.3701298701,20.6168831169,5.35714285714,5.92532467532,46.7532467532,43.7229437229,1.2987012987,5.62770562771,2.5974025974,100,0,0
4624403002,1.16822429907,1.63551401869,97.1962616822,12.7336448598,6.42523364486,3.97196261682,3.03738317757,4.78971962617,38.9018691589,27.3364485981,30.0081766149,87.8712871287,68.6262376238,15.4702970297,0.61881188119,6.00247524752,1.54702970297,2.10396039604,0,1.85643564356,0,0.80445544555,27.9084158416,32.1782178218,14.047029703,9.59158415842,64,6.99257425743,6.86881188119,14.7896039604,15.2846534653,18.9356435644,18.4405940594,7.61138613861,11.0767326733,50.2793296089,39.6648044693,0.55865921788,3.91061452514,5.58659217877,82.5,5.625,11.25
4624403001,1.01729399797,1.32248219736,97.6602238047,11.495422177,5.59511698881,5.7985757884,1.93285859613,4.67955239064,48.9318413021,19.2268565615,23.7984496124,89.2491467577,74.1183162685,11.7178612059,0.79635949943,5.74516496018,1.08077360637,1.70648464164,0,1.4220705347,0,0.34129692833,23.7201365188,25.8248009101,17.1786120592,14.3344709898,173,8.36177474403,8.24800910125,13.6518771331,12.9124004551,17.6336746303,18.1456200228,7.84982935154,13.196814562,42.6630434783,39.9456521739,3.26086956522,4.07608695652,10.0543478261,82.183908046,1.14942528736,16.091954023
4624403013,0.81967213115,0.81967213115,98.3606557377,16.9057377049,8.81147540984,6.35245901639,8.40163934426,5.43032786885,24.3852459016,28.0737704918,29.9353912419,95.1992318771,75.9481517043,16.9467114738,1.00816130581,1.44023043687,0.57609217475,0.38406144983,0.04800768123,1.34421507441,0,0.28804608737,16.8987037926,30.2448391743,15.5544887182,10.273643783,15,12.1459433509,12.5300048008,15.0264042247,15.9865578493,18.6269803169,18.5309649544,3.3125300048,3.84061449832,48.2479784367,43.1266846361,1.61725067385,5.66037735849,1.34770889488,91.3043478261,0,8.69565217391
4624403003,0.34722222222,1.38888888889,98.2638888889,16.1458333333,5.90277777778,5.03472222222,4.16666666667,4.86111111111,28.2986111111,33.8541666667,30.8523409364,85.496866607,62.8469113697,20.3222918532,0.71620411817,6.44583706356,0.44762757386,3.76007162041,0,3.13339301701,0,1.2533572068,34.4673231871,26.4995523724,15.0402864816,6.98299015219,48,7.34109221128,6.71441360788,15.8460161146,14.5926589078,15.8460161146,15.9355416294,10.0268576544,13.6974037601,48.4496124031,32.5581395349,2.32558139535,4.26356589147,12.4031007752,89.6907216495,0,10.3092783505
4624403016,1.77339901478,0.88669950739,97.3399014778,15.0738916256,7.09359605911,4.92610837438,3.34975369458,6.69950738916,34.7783251232,25.4187192118,32.9147389293,90.268123138,64.1012909633,22.641509434,0.74478649454,3.57497517378,2.23435948361,0.74478649454,0,2.43296921549,0,1.04270109235,25.868917577,26.3654419067,16.6335650447,11.7676266137,77,9.13604766634,8.09334657398,13.0089374379,14.0516385303,16.6335650447,18.2720953327,7.94438927507,12.859980139,34.9570200573,45.2722063037,0,5.73065902579,14.0401146132,93.5064935065,0,5.84415584416
4624403014,0.37220843672,1.11662531017,98.5111662531,17.617866005,7.69230769231,5.83126550868,6.94789081886,7.81637717122,20.8436724566,31.7617866005,29.0492957746,95.003203075,72.069186419,20.5637411915,0.96092248559,1.53747597694,0.06406149904,0.51249199231,0.06406149904,1.85778347213,0,0.96092248559,31.3260730301,29.3401665599,10.4420243434,4.86867392697,24,9.9935938501,10.5060858424,15.9513132607,16.5278667521,16.7841127482,18.5778347213,5.50928891736,6.14990390775,48.0225988701,45.7627118644,0.84745762712,1.69491525424,3.95480225989,93.3823529412,0,6.61764705882
4624403019,1.18845500849,0.50933786078,98.3022071307,18.8455008489,7.72495755518,5.60271646859,4.75382003396,6.11205432937,29.5415959253,25.7215619694,27.8628291488,94.5350374614,73.5566328779,18.8629352138,0.8373732922,1.45438519171,0.96959012781,0.30850594976,0.04407227854,1.85103569855,0,0.44072278537,20.6258263552,28.162185985,15.8660202732,10.8858527986,76,10.8417805201,11.326575584,13.0453944469,13.3979726752,19.3477302777,19.788453063,4.93609519612,7.31599823711,46.2790697674,45.8139534884,0,3.25581395349,4.88372093023,87.8947368421,2.63157894737,9.47368421053
4624402007,0.52700922266,0.52700922266,98.9459815547,14.4927536232,7.11462450593,3.8208168643,4.74308300395,5.79710144928,23.5836627141,39.3939393939,33.6538461538,90.2298850575,66.6028097063,20.5619412516,0.95785440613,4.91698595147,0.25542784163,2.10727969349,0.06385696041,1.4687100894,0,2.2349936143,36.0791826309,27.0753512133,8.30140485313,5.30012771392,13,9.70625798212,9.83397190294,16.8582375479,15.3256704981,17.8799489144,16.9859514687,5.55555555556,7.85440613027,47.7272727273,38.3522727273,0.56818181818,8.23863636364,4.82954545455,81.3793103448,5.51724137931,13.1034482759
4624401007,1.78571428571,1.78571428571,96.4285714286,12.1753246753,6.98051948052,4.70779220779,2.75974025974,5.68181818182,38.7987012987,25.3246753247,31.25,85.248447205,65.450310559,18.2453416149,0.62111801242,7.99689440994,0.07763975155,3.72670807453,0,2.32919254658,0,1.70807453416,32.6863354037,24.9223602484,13.5093167702,7.99689440994,28,9.16149068323,7.76397515528,15.5279503106,16.0714285714,17.3913043478,15.7608695652,8.30745341615,10.0155279503,35.2150537634,53.2258064516,0.5376344086,4.83870967742,6.18279569892,81.884057971,0,18.115942029
4624401010,0.88495575221,0.37926675095,98.7357774968,14.0328697851,9.4816687737,5.43615676359,4.80404551201,7.58533501896,25.9165613148,31.4791403287,44.0989399293,83.3796296296,58.75,21.1111111111,1.2962962963,5.55555555556,0.23148148148,6.71296296296,0,2.82407407407,0,1.01851851852,35.4166666667,28.6574074074,9.49074074074,5.0462962963,42,9.21296296296,9.39814814815,16.0648148148,17.037037037,18.0555555556,17.037037037,5.46296296296,7.73148148148,46.7065868263,42.5149700599,2.69461077844,4.79041916168,3.29341317365,65.7894736842,0,33.6842105263
4624401013,0.75376884422,1.00502512563,98.2412060302,20.2261306533,13.6934673367,7.1608040201,5.27638190955,4.64824120603,18.4673366834,28.7688442211,35.4420113544,95.8437656485,79.8698047071,12.9193790686,0.30045067601,1.70255383075,0.90135202804,0.25037556335,0,1.00150225338,0,0.25037556335,14.521782674,30.3955933901,16.0741111668,9.41412118177,36,15.4231347021,12.7190786179,18.4276414622,18.1271907862,15.7736604907,14.1211817727,2.20330495744,3.20480721082,50.4297994269,44.1260744986,0.57306590258,4.58452722063,0,90.4109589041,0,9.58904109589
4624401012,0.55096418733,0.27548209366,99.173553719,14.0495867769,7.71349862259,4.82093663912,6.74931129477,8.53994490358,24.3801652893,32.9201101928,37.0338248049,81.1210999471,60.1269169751,18.9317821259,0.37017451084,6.29296668429,0.42305658382,9.09571655209,0,2.69698572184,0,2.53833950291,29.5610787943,27.0756213644,10.5235325225,4.28344791116,42,12.5859333686,11.686938128,15.9175039662,17.3453199365,16.0761501851,14.4896879958,4.54785827604,7.35060814384,50,35.4609929078,3.90070921986,3.1914893617,7.80141843972,76.6666666667,7.33333333333,15.3333333333
4624403021,0.91093117409,0.3036437247,98.7854251012,20.5465587045,8.0971659919,7.08502024291,6.47773279352,5.87044534413,21.5587044534,29.1497975709,26.1032161556,95.5017301038,68.6851211073,24.9134948097,0.46136101499,0.98039215686,1.7877739331,0.17301038062,0,1.09573241061,0,0.57670126874,28.3160322953,31.1418685121,13.4371395617,7.95847750865,83,7.43944636678,8.53517877739,16.4359861592,15.2825836217,18.6274509804,21.1649365629,5.53633217993,6.97808535179,44.0433212996,50.9025270758,0,0,5.05415162455,77.4436090226,0,22.5563909774
4624401011,0.63176895307,1.08303249097,98.285198556,12.725631769,6.49819494585,7.03971119134,3.42960288809,8.12274368231,30.7761732852,29.6931407942,29.6954314721,91.2072892938,69.3394077449,19.1343963554,0.72892938497,2.23234624146,0.6833712984,3.14350797267,0,2.00455580866,0,0.82004555809,28.291571754,31.1617312073,11.9362186788,6.78815489749,57,9.97722095672,9.15717539863,15.0797266515,14.0774487472,19.0432801822,19.0432801822,5.74031890661,7.88154897494,43.1460674157,48.9887640449,0.44943820225,1.57303370787,5.84269662921,83,5.5,12
4624402002,1.40679953107,0.82063305979,97.7725674091,8.79249706917,6.3305978898,3.28253223916,2.46189917937,4.68933177022,49.8241500586,22.3915592028,32.1400159109,92.2833649589,75.3320683112,13.6622390892,0.63251106894,3.03605313093,0.63251106894,1.70777988615,0,1.70777988615,0,1.01201771031,31.8785578748,25.8697027198,13.3459835547,11.2586970272,63,7.08412397217,8.34914611006,15.2435167615,14.4845034788,17.394054396,16.9512966477,8.66540164453,11.8279569892,40.5797101449,45.2898550725,1.8115942029,1.08695652174,11.231884058,68.3333333333,8.33333333333,23.8888888889
4624401003,0.82051282051,0.71794871795,98.4615384615,13.2307692308,6.15384615385,4.20512820513,6.25641025641,5.94871794872,26.9743589744,35.6923076923,34.254888739,81.5181518152,55.1626591231,24.7053276756,0.8015087223,7.11928335691,0.5186232909,6.88354549741,0.0471475719,3.1117397454,0,1.1786892975,35.0777934936,29.1371994342,9.85384252711,4.5733144743,29,9.85384252711,8.34512022631,14.6628948609,14.5685997171,18.8118811881,16.5959453088,7.16643092881,9.99528524281,43.7308868502,48.9296636086,1.83486238532,0.91743119266,4.89296636086,86.6666666667,6.66666666667,6.66666666667
4624403025,0.85679314565,1.22399020808,97.9192166463,18.9718482252,11.1383108935,6.36474908201,5.99755201958,5.38555691554,26.1933904529,23.8678090575,33.523189585,92.8955866523,79.3326157158,9.84930032293,2.1528525296,2.04520990312,0.96878363832,0.91496232508,0,1.02260495156,0,0,8.50376749193,25.8880516685,20.2368137783,21.7976318622,36,12.8094725511,10.4413347686,25.5113024758,24.8116254037,12.3789020452,11.0871905274,1.45317545748,1.50699677072,61.1827956989,36.3440860215,0,2.15053763441,0,54.6239210851,0,45.3760789149
4624404004,1.77215189873,1.39240506329,96.835443038,20.6329113924,9.11392405063,7.9746835443,5.06329113924,4.81012658228,26.582278481,22.6582278481,29.9645390071,95.7051654092,77.2489843297,16.2507254788,1.10272780035,2.03134068485,0.34822983169,0.29019152641,0,0.52234474753,0,0.75449796866,14.9738827626,22.5769007545,16.7730702263,15.6123041207,19,14.7997678468,13.2907719095,11.4915844457,13.1746952989,19.4428322693,18.0499129425,3.94660475914,5.80383052815,52.0710059172,41.4201183432,0.59171597633,4.14201183432,1.77514792899,100,0,0
4624401001,1.10935023772,1.26782884311,97.6228209192,9.5087163233,5.07131537242,4.91283676704,5.22979397781,5.22979397781,44.3740095087,23.2963549921,34.4074844075,86.3392171911,65.4643131236,17.8818112049,0.46047582502,5.90943975441,0.46047582502,5.14198004605,0,1.61166538757,0,0.99769762088,31.5425940138,28.0122793553,13.2770529547,9.20951650038,83,7.59785111282,8.21181887951,14.4282425173,12.3561013047,18.3422870299,16.2701458173,8.8257866462,13.9677666922,40.4,43.6,4.8,0.8,10.4,66.1654135338,6.76691729323,27.0676691729
4624402001,1.13728675873,0.89358245329,97.969130788,14.6222583266,8.77335499594,5.60519902518,4.22420796101,6.01137286759,32.4939073924,26.2388302193,28.8439306358,95.5199342376,82.4496506371,10.5630908344,0.53431976983,1.80846691328,0,0.94533497739,0,1.19194410193,0,0.53431976983,19.3177147554,27.2092067406,16.0295930949,13.6046033703,25,11.2207151665,10.8096999589,16.5639128648,17.7969584875,17.5914508837,16.358405261,4.19235511714,5.46650226058,45.3089244851,49.1990846682,2.05949656751,0.68649885584,2.74599542334,86.1538461538,2.05128205128,11.2820512821
4624403018,0.87939698492,0.75376884422,98.3668341709,19.0954773869,9.67336683417,5.77889447236,5.15075376884,5.40201005025,26.5075376884,26.7587939698,26.2962962963,95.6316410862,75.6198347107,17.414403778,0.53128689492,1.41676505313,1.00354191263,0.05903187721,0.11806375443,1.23966942149,0,0.11806375443,15.0531286895,29.9291617473,16.8831168831,9.85832349469,83,13.9905548996,12.160566706,12.987012987,12.8689492326,20.3659976387,20.3069657615,3.24675324675,4.07319952774,42.4855491329,51.1560693642,0,4.04624277457,2.02312138728,94.3089430894,2.43902439024,4.06504065041
4624401008,0.27816411683,0.69541029207,99.0264255911,6.95410292072,3.19888734353,2.50347705146,3.61613351878,11.40472879,29.4853963839,41.8636995828,48.5693848355,83.303330333,65.3915391539,15.9765976598,0.3600360036,6.70567056706,0.49504950495,8.01080108011,0,1.12511251125,0,4.5904590459,43.4293429343,18.5418541854,4.72547254725,2.02520252025,26,11.7911791179,12.2862286229,17.9117911791,15.6165616562,16.7866786679,13.9063906391,5.04050405041,6.66066606661,51.4124293785,36.1581920904,3.10734463277,1.69491525424,7.62711864407,61.2359550562,3.37078651685,34.8314606742
4624403024,1.56555772994,0.58708414873,97.8473581213,21.5264187867,7.04500978474,7.24070450098,3.32681017613,3.91389432485,27.2015655577,27.5929549902,24.4082840237,97.8354978355,72.619047619,23.4848484848,0.21645021645,0.97402597403,0.10822510823,0,0.10822510823,0.75757575758,0,0.97402597403,21.5367965368,29.7619047619,15.0432900433,12.1212121212,10,10.6060606061,8.11688311688,13.4199134199,15.5844155844,19.1558441558,18.7229437229,6.60173160173,7.79220779221,46.3414634146,51.2195121951,0.9756097561,0,1.46341463415,80.2469135802,13.5802469136,6.17283950617
4624404007,1.46443514644,0.20920502092,98.3263598326,19.0376569038,9.41422594142,6.27615062762,2.71966527197,4.60251046025,35.3556485356,20.9205020921,27.7945619335,93.9140811456,75.1789976134,14.6778042959,3.5799522673,0.47732696897,1.31264916468,0.11933174224,0,0.59665871122,0,0.11933174224,12.76849642,23.031026253,26.0143198091,20.8830548926,6,8.94988066826,6.80190930788,12.5298329356,11.3365155131,18.61575179,21.4797136038,10.2625298329,10.0238663484,40.5555555556,55,0,1.11111111111,2.77777777778,64.4444444444,21.1111111111,14.4444444444
4624403027,1.56494522692,0.78247261346,97.6525821596,24.1001564945,14.2410015649,6.72926447574,4.38184663537,5.47730829421,22.0657276995,20.6572769953,30.8441558442,92.8156748911,77.1407837446,11.465892598,1.88679245283,2.61248185776,0.72568940494,0.36284470247,0,1.59651669086,0,0.07256894049,7.18432510885,23.6574746009,21.1901306241,23.1494920174,11,12.4818577649,11.8287373004,26.7053701016,26.6328011611,10.5224963716,9.21625544267,1.0885341074,1.52394775036,61.2005856515,36.3103953148,0,2.19619326501,0,54.6979865772,0,45.3020134228
4624404003,1.4348785872,0.77262693157,97.7924944812,19.8675496689,7.94701986755,5.40838852097,3.09050772627,5.29801324503,32.119205298,24.0618101545,26.3414634146,95.8258795468,72.7489564699,20.1550387597,2.02742993441,0.77519379845,0.65593321407,0.11926058438,0.05963029219,0.47704233751,0.05963029219,0.41741204532,17.4716756112,27.3106738223,19.3798449612,15.503875969,15,8.34824090638,8.46750149076,14.7883124627,11.9856887299,20.8109719738,20.9898628503,6.44007155635,8.16935002982,45.4545454545,45.4545454545,5.81818181818,1.45454545455,1.81818181818,67.6691729323,18.7969924812,14.2857142857
4624404001,0.74812967581,0.74812967581,98.5037406484,15.3366583541,10.0997506234,5.98503740648,3.36658354115,5.23690773067,40.897755611,17.5810473815,24.765478424,94.4367176634,74.4784422809,17.454798331,1.66898470097,1.25173852573,0.62586926287,0.27816411683,0.06954102921,1.66898470097,0,0,12.8650904033,21.6968011127,22.0445062587,22.1140472879,36,11.40472879,8.48400556328,13.1432545202,13.9777468707,18.0111265647,18.9847009736,6.88456189152,9.10987482615,48.6381322957,49.8054474708,0,1.1673151751,0.77821011673,75.2212389381,15.0442477876,8.84955752212
4624404005,1.88888888889,0.88888888889,97.2222222222,13.7777777778,10.8888888889,3.66666666667,3.33333333333,6.66666666667,43.8888888889,15,24.8747913189,94.3262411348,78.4278959811,13.475177305,2.60047281324,1.59574468085,0.53191489362,0.11820330969,0.05910165485,0.70921985816,0.05910165485,0.17730496454,6.44208037825,20.5082742317,26.3002364066,25.5319148936,8,9.92907801418,8.86524822695,15.36643026,14.5390070922,18.6170212766,19.4444444444,7.09219858156,6.14657210402,35.4231974922,56.1128526646,2.19435736677,0.94043887147,5.32915360502,77.7027027027,14.8648648649,7.43243243243
4624404008,0.625,1.45833333333,97.9166666667,17.2916666667,10,10.4166666667,1.66666666667,5.41666666667,30.8333333333,22.2916666667,32.9608938547,96.40914037,75.0816104461,18.6071817193,1.74102285092,0.32644178455,0,0.43525571273,0.32644178455,0.6528835691,0.10881392818,0.21762785637,17.6278563656,25.027203482,22.7421109902,18.1719260065,4,7.07290533188,6.3112078346,16.1044613711,14.907508161,20.4570184984,20.8922742111,6.20239390642,8.05223068553,46.3019250253,39.9189463019,2.53292806484,3.03951367781,7.59878419453,58.4758942457,22.5505443235,18.9735614308
4624404006,1.12,0.4,98.48,19.52,13.44,5.2,2.72,6,35.44,16.16,30.3621169916,93.210124548,76.3358778626,14.3431096826,2.89272800321,2.85255122539,0.24106066694,0.08035355564,0.20088388911,0.44194455605,0.08035355564,0.28123744476,12.0932101245,23.1016472479,22.4588188027,19.4455604661,16,10.4861390117,10.0040176778,13.0976295701,12.3744475693,19.5660907995,20.369626356,6.74969867417,7.3523503415,44.7194719472,49.6699669967,0.9900990099,2.47524752475,1.9801980198,70.5298013245,24.5033112583,5.29801324503
4624404002,0.59101654846,1.06382978723,98.3451536643,20.2127659574,11.5839243499,6.97399527187,7.32860520095,4.60992907801,30.8510638298,16.7848699764,43.8619774386,91.0031488979,69.8605488079,18.3085919928,5.71300044984,1.48448043185,0.26990553306,0.49482681062,0,1.03463787674,0,0.44984255511,20.9626630679,29.3747188484,17.2289698605,13.4952766532,127,8.0971659919,9.04183535762,13.0454340981,12.4156545209,24.2465137202,18.8484030589,6.65766981556,7.6473234368,49.4236311239,39.4812680115,0,9.51008645533,1.58501440922,33.1707317073,55.243902439,11.5853658537
4624404009,1.22086570477,0.55493895672,98.2241953385,17.0921198668,6.65926748058,6.54827968923,6.43729189789,6.32630410655,34.8501664817,20.3107658158,37.7332411887,94.1885964912,75.0548245614,16.7214912281,0.82236842105,2.63157894737,0.43859649123,0.43859649123,0.0548245614,1.42543859649,0,0.49342105263,21.2719298246,29.8245614035,18.8048245614,12.1162280702,82,8.44298245614,7.12719298246,13.7609649123,13.2675438596,21.4912280702,20.3947368421,7.56578947368,7.94956140351,51.8691588785,44.8598130841,0,1.55763239875,1.55763239875,47.7024070022,52.2975929978,0
